Name,State,Description
National Monument
National Monument
National Military Park
National Preserve
National Heritage Area
Parkway
National Scenic Trail
National Monument
National Historic Trail
National Historic Trail
National Historic Site
National Historic Site
Wild River
""
National Monument
National Monument & Preserve
National Preserve
National Monument
National Park & Preserve
National Park & Preserve
National Park & Preserve
""
National Park & Preserve
National Park
National Historical Park
National Park
National Park & Preserve
National Preserve
National Historical Park
National Park & Preserve
National Preserve
""
National Monument
National Monument
National Monument
National Memorial
National Historic Site
National Recreation Area
National Park
National Historic Site
National Historic Trail
National Recreation Area
National Monument
National Monument
National Historic Trail
National Monument
National Monument
National Park
National Monument
National Park
National Monument
National Monument
National Historical Park
National Monument
National Monument
National Monument
National Memorial
National River
National Historic Site
National Park
National Historic Site
National Military Park
National Historic Site
National Historic Trail
""
National Monument
National Historic Trail
National Monument
National Monument
National Park
National Park
National Monument
National Historic Site
National Historic Site
National Recreation Area
National Historic Site
National Park
National Historic Trail
National Park
National Monument
National Historic Site
National Preserve
National Monument
National Historic Trail
National Park
National Seashore
National Historic Trail
National Memorial
""
National and State Parks
National Historical Park
National Historical Park
National Recreation Area
National Parks
National Monument
National Recreation Area
National Park
National Historic Site
National Park
National Historic Trail
National Monument
National Recreation Area
National Monument
National Monument
National Park & Preserve
National Monument
National Park
National Historic Trail
National Historic Trail
National Park
National Historic Site
National Historic Trail
National Monument
National Scenic Trail
National Scenic Trail
National Heritage Corridor
National Historic Trail
National Historic Site
National Historic Trail
""
National Historical Park
National Historic Trail
""
Park
National Monument
""
National Historic Trail
National Historic Site
National Historical Park
""
""
""
""
""
""
National Historic Site
Memorial Parkway
""
""
""
""
""
"National Historic Site
"
""
""
""
National Scenic Trail
""
Park
National Historic Trail
""
""
Memorial
""
National Historic Trail
""
National Preserve
National Park
National Seashore
National Monument
National Memorial
National Park
National Park
National Memorial
National Monument
National Seashore
Cultural Heritage Corridor
Ecological & Historic Preserve
National Historic Site
National Scenic Trail
National Heritage Area
National Heritage Area
National Recreation Area
National Military Park
National Seashore
National Monument
National Monument
Cultural Heritage Corridor
National Historic Site
National Battlefield Park
National Historical Park
National Historical Park
National Historic Trail
National Historical Park
National Historic Trail
National Park
National Park
National Historic Site
National Historical Park
National Historical Park
National Historical Park
National Historic Site
National Monument
National Historic Trail
National Reserve
National Monument & Preserve
National Monument
National Geologic Trail
National Historic Trail
National Historic Site
National Historical Park
National Historic Trail
National Park
National Historic Trail
National Historic Site
National Historic Trail
National Monument
National Historic Trail
National Historical Park
National Park
National Memorial
National Monument
National Historic Site
National Historic Trail
National Historic Trail
National Historic Site
National Historic Trail
National Historic Site
National Historic Site
National Historic Trail
National Historic Site
National Historic Trail
National Historic Trail
National Historic Trail
National Preserve
National Historical Park
National River & Recreation Area
National Monument
National Historical Park
National Battlefield
National Park
National Historic Trail
National Heritage Area
National Heritage Area
National Historical Park
National Historic Trail
National Historical Park and Preserve
National Historical Park
National Monument
National Military Park
National Park
National Scenic Trail
National Monument
""
International Park
International Historic Site
National Battlefield
National Scenic Trail
National Seashore
National Heritage Area
Parkway
National Historic Trail
Park
National Historical Park
""
""
National Historic Site
Park
National Monument and Historic Shrine
Park
Memorial Parkway
Park
Park
National Historic Site
""
National Historical Park
National Historical Park
National Battlefield
""
Park
National Scenic Trail
National Historic Trail
National Historic Site
National Historic Trail
National Historical Park
National Scenic Trail
National Historical Park
National Historical Park
National Historic Site
National Recreation Area
National Seashore
National Heritage Area
National Historic Site
National Historic Site
National Heritage Corridor
National Historic Site
National Historical Park
National Historical Park
National Historical Park
National Scenic Trail
National Historic Site
National Historic Site
National Historic Site
National Heritage Corridor
National Historic Trail
National Park
National Historical Park
National Heritage Area
National Scenic Trail
National Lakeshore
National Battlefield Park
National Lakeshore
National Monument
National River and Recreation Area
National Scenic Trail
National Monument
National Scenic Riverway
National Park
National Battlefield Site
National Seashore
National Heritage Area
National Heritage Area
National Heritage Area
National Historical Park
Parkway
National Scenic Trail
National Military Park
National Battlefield
National Military Park
National Historic Trail
National Park
National Monument
National Historic Site
National Historic Trail
National Historic Trail
National Scenic Riverways
National Historic Trail
National Historic Trail
National Historic Trail
National Historic Site
National Battlefield
National Battlefield
National Recreation Area
National Historic Site
National Park
National Historic Site
National Geologic Trail
National Historic Trail
National Monument
National Historical Park
National Park
National Monument
National Historic Trail
National Monument of America
National Historic Trail
National Recreational River
National Historic Trail
National Scenic River
National Historic Trail
National Historic Trail
National Monument
National Historic Trail
National Park
National Park
National Recreation Area
National Historic Trail
National Historic Trail
National Monument
National Scenic Trail
National Historical Park
National Scenic Trail
National Heritage Area
National Recreation Area
Part of Statue of Liberty National Monument
National Recreation Area
""
National Wild and Scenic River
National Historical Park
National Reserve
National Historical Park
National Historical Park
National Historic Trail
National Monument
National Monument
National Monument
National Park
National Historical Park
National Historic Trail
National Monument
National Monument
National Monument
National Monument
National Historical Park
National Historic Trail
National Historical Park
National Monument
National Monument
National Historic Trail
National Preserve
National Monument
National Monument
National Scenic Trail
National Historic Trail
National Monument
""
National Historic Site
Part of Statue of Liberty National Monument
National Heritage Corridor
National Memorial
National Seashore
National Monument
National Recreation Area
National Memorial
National Monument
National Memorial
National Historical Park
National Historic Site
National Heritage Area
National Historic Site
National Historic Site
""
National Heritage Area
National Scenic Trail
National Historic Site
National Historic Site
National Historical Park
National Monument
National Monument
National Historic Site
National Historic Site
National Historic Site
Scenic & Recreational River
National Historic Site
National Historic Trail
National Historical Park
National Scenic Trail
Parkway
National Heritage Area
National Seashore
National Seashore
National Historic Site
National Historic Site
National Park
National Military Park
Cultural Heritage Corridor
National Battlefield
National Historic Trail
National Historic Trail
National Memorial
National Historic Site
National Historic Site
National Historic Trail
National Scenic Trail
National Park
Park
National Monument
National Park
National Memorial
National Historical Park
National Historic Site
National Historic Site
National Historical Park
National Historic Site
Heritage Area
National Scenic Trail
Memorial
National Historic Site
National Recreation Area
National Historic Site
National Memorial
National Historic Trail
National Historic Trail
National Historic Site
National Historic Trail
National Park
National Historic Site
National Geologic Trail
National Monument
National Historic Trail
National Historical Park
National Historical Park
National Historic Trail
National Monument & Preserve
National Historic Site
National Scenic Trail
National Historic Trail
""
National Heritage Corridor
National Recreation Area
National Historic Site
National Historic Site
National Historical Park
National Memorial
National Battlefield
National Historic Site
National Military Park
National Historic Site
National Historic Site
National Historical Park
National Memorial
National Wild and Scenic River
National Scenic Trail
National Heritage Area
National Scenic Trail
National Heritage Area
National Heritage Area
National Historic Site
National Memorial
Scenic & Recreational River
National Historical Park
National Historic Trail
National Historic Site
National Historical Park
National Heritage Corridor
National Memorial
National Historic Site
National Historic Trail
National Historic Site
National Park
National Battlefield
National Historical Park
Cultural Heritage Corridor
National Military Park
National Historic Site
National Historic Trail
National Historical Park
National Heritage Corridor
National Park
National Monument
National Historic Trail
National Historic Site
National Recreational River
National Memorial
National Park
National Historic Site
National Scenic Trail
National River & Recreation Area
National Military Park
National Historical Park
National Battlefield
National Park
National Historical Park
Parkway
National Scenic Trail
Wild & Scenic River
National Historic Trail
National Military Park
National Battlefield
National Heritage Area
National Historic Trail
National Monument
National Recreation Area
National Park
National Preserve
National Memorial
National Historic Trail
National Historic Trail
National Historic Site
National Park
National Recreation Area
National Historical Park
National Seashore
National Historical Park
Wild & Scenic River
National Historical Park
National Monument
National Park
National Park
National Historic Trail
National Park
National Park
National Monument
National Monument
National Recreation Area
National Historical Park
National Monument
National Historic Trail
National Monument
National Historic Trail
National Historic Trail
National Monument
National Monument
National Park
National Scenic Trail
National Historical Park
National Scenic Trail
National Monument
National Historic Site
National Historical Park and Ecological Preserve
National Park
National Monument
National Scenic Trail
National Historical Park
""
National Seashore
Parkway
National Monument
Part of Colonial National Historical Park
National Historic Trail
National Historical Park
""
""
National Historical Park
National Historical Park
National Monument
National Military Park
Memorial Parkway
National Monument
Park
""
National Historical Park
Part of Colonial National Historical Park
National Historic Site
National Battlefield Park
National Historic Trail
National Battlefield
National Scenic Trail
Park
National Battlefield Park
National Park
National Historic Trail
National Historic Trail
""
Part of Colonial National Historical Park
National Historical Reserve
National Historic Site
National Geologic Trail
National Historical Park
National Recreation Area
National Historic Trail
National Historical Park
National Historical Park
National Historic Site
National Park
National Historical Park
National Park
National Park
National Historic Trail
National Historical Park
National Historic Site
Affiliated Area
National Scenic Trail
National Scenic River
National Historical Park
""
National Heritage Area
National Recreation Area
National Historical Park
National River
National Heritage Area
National Lakeshore
National Scenic Trail
National Scenic Trail
National Scenic Riverway
National Recreation Area
National Historic Trail
National Monument
National Historic Site
National Monument
National Park
National Historic Trail
National Historic Trail
National Historic Trail
National Park
